timestamp,tweet_text,username,all_hashtags,followers_count
2022-06-14 06:34:03+00:00,b'Our article explores carbon capture and storage (CCS) as a method of decarbonization. Including why pipeline leak detection is an important consideration.   Learn more about the key facts: https://t.co/tfEBdW0URt   #carbon #decarbonization #CCS\xc2\xa0@pipelinejournal https://t.co/EoTsxqunYv',b'AtmosInt',"['carbon', 'decarbonization', 'CCS']",728
2022-06-14 06:27:02+00:00,"b'C$41.75 - #FreeShipping | Shop now and enjoy great discounts!  High Carbon Steel Wire, 2B (Smooth) Finish, #SmallParts       \xf0\x9f\x91\x89 https://t.co/8BM2vriewO       #sharious  #canadianbestseller  #canada #usa #product #0080  #21280  #A228  #ASTM  #Carbon . https://t.co/RNSRVXefJw'",b'kanadianbest',"['FreeShipping', 'SmallParts', 'sharious', 'canadianbestseller', 'canada', 'usa', 'product', 'A228', 'ASTM', 'Carbon']",676
2022-06-14 06:23:57+00:00,b'RenewX 2022 makes a big pitch for Carbon Neutral economy  #carbon #carbonneutral #sustainability #renewableenergy #GlobalWarming #renewable #energy #energyasia #EnergyTransition #energytwitter   https://t.co/5ucr1cp0UT',b'energyasia',"['carbon', 'carbonneutral', 'sustainability', 'renewableenergy', 'GlobalWarming', 'renewable', 'energy', 'energyasia', 'EnergyTransition', 'energytwitter']",1071
2022-06-14 06:15:08+00:00,b'C$247.98 - #FreeShipping | These sales are too hot to handle  Monoprice 134199 in-Wall Speakers 6.5 Inch #Monoprice       \xf0\x9f\x91\x89 https://t.co/XucdAtiiWk       #sharious  #canadianbestseller  #canada #usa #product #134199  #3Way  #889028093825  #Alpha  #Carbon. https://t.co/2jy61rxfvM',b'kanadianbest',"['FreeShipping', 'Monoprice', 'sharious', 'canadianbestseller', 'canada', 'usa', 'product', '3Way', 'Alpha', 'Carbon']",676
2022-06-14 06:11:49+00:00,"b'@W_Lucht @imanid10t @ExtinctionR The \xe2\x80\x9cmass\xe2\x80\x9d of animas is irrelevant, like most points made by ExtinctionR about agriculture for which it knows nothing. What matters is the management of the animals and their impact on #soil #carbon. Get it? Not difficult. Here\xe2\x80\x99s a photo you won\xe2\x80\x99t understand (but others will). https://t.co/VON7aE5UPy'",b'soil4climate',"['soil', 'carbon']",6279
2022-06-14 06:00:44+00:00,"b'Great #carbon initiative! China is rolling out #lowcarbon transition bonds to help companies become #greener -companies in 8 sectors, including #electricpower #steelmaking #petrochemicals &amp; #civilaviation will issue bonds to fund #decarbonisation efforts.  https://t.co/t7a4QkD1tS https://t.co/QVgpFK1BZx'",b'GlobalGreenTag',"['carbon', 'lowcarbon', 'greener', 'electricpower', 'steelmaking', 'petrochemicals', 'civilaviation', 'decarbonisation']",1458
2022-06-14 06:00:29+00:00,"b""All our panel products are net #carbonnegative. Head to our website where you can find a host of facts and figures to help understand what we've done to achieve #carbon negativity and what using our products means to the environment. https://t.co/84BdHyJxEF #construction https://t.co/D3ZJYm0YYY""",b'WestFraserUK',"['carbonnegative', 'carbon', 'construction']",2539
2022-06-14 06:00:14+00:00,b'Did you see our last #RoSA #Webinar? \xf0\x9f\x90\x8f  It was all about #Carbon Auditing and it is available now on our YouTube channel \xf0\x9f\x91\x87  https://t.co/4ACz9yHAEo https://t.co/6SZp41I2LA',b'SheepAdvisers',"['RoSA', 'Webinar', 'Carbon']",225
2022-06-14 05:41:07+00:00,"b'Today\xe2\x80\x99s news: Poor results globally on reducing #carbon emissions. What next?#SaveSoil! Soil combats #ClimateChange by absorbing  #carbon from  the atmosphere.  Act now, spread the word and save the world. https://t.co/VF1RqACIna'",b'karuna_luthar',"['carbon', 'SaveSoil', 'ClimateChange', 'carbon']",93
2022-06-14 05:38:02+00:00,b'@CanadianBeave20 @LinnieRants The slippery slope to your personal #carbon RATION on your vaxport/DigiID https://t.co/UbzQmSOt8A',b'FriendsOScience',['carbon'],41453
2022-06-14 05:11:45+00:00,"b'The Price of New Casio G-Shock Mudmaster Carbon Core Guard Mens Watch GGB100-1A3 Watch. To get full details on the price, click the link below. https://t.co/PNYhSzSWPv Comment below what you like about this watch #carbon #casio #CasioWatchesFrom100to500 #CasioWatchestobuyas... https://t.co/7m86fT9K2l'",b'WatchPrizes_Org',"['carbon', 'casio', 'CasioWatchesFrom100to500', 'CasioWatchestobuyas']",16
2022-06-14 05:08:20+00:00,"b'At Carbon, we pride ourselves on exceptional service and expertise. Book a fitment and other services today! Visit our website https://t.co/ranj0NG07y #carbon #carbonretail #automotive #poweryourdrive https://t.co/xfsmbP1PK6'",b'carbon365ivory1',"['carbon', 'carbonretail', 'automotive', 'poweryourdrive']",7
2022-06-14 05:07:51+00:00,"b'A London-based start-up, Seabound, is currently prototyping #carbon capture equipment that connects to #ship\xe2\x80\x99s exhaust to cut up to 95% of carbon #emissions. Read further here: https://t.co/vhYlJx5U4A  #shipping #decarbonisation #startup #technology'",b'VerifaviaMarine',"['carbon', 'ship', 'emissions', 'shipping', 'decarbonisation', 'startup', 'technology']",1048
2022-06-14 05:07:32+00:00,"b'At Carbon, we pride ourselves on exceptional service and expertise. Book a fitment and other services today! Visit our website https://t.co/Ni5UP6HiS8 #carbon #carbonretail #automotive #poweryourdrive https://t.co/JMA6gl2VfB'",b'carbon365sudan',"['carbon', 'carbonretail', 'automotive', 'poweryourdrive']",2
2022-06-14 05:06:47+00:00,"b'At Carbon, we pride ourselves on exceptional service and expertise. Book a fitment and other services today! Visit our website https://t.co/HCJx02gCDq #carbon #carbonretail #automotive #poweryourdrive https://t.co/884XmSNyy3'",b'carbon365zambia',"['carbon', 'carbonretail', 'automotive', 'poweryourdrive']",72
2022-06-14 05:05:56+00:00,"b'At Carbon, we pride ourselves on exceptional service and expertise. Book a fitment and other services today! Visit our website https://t.co/sbmuYNFfxe #carbon #carbonretail #automotive #poweryourdrive https://t.co/jF4JVgQL3N'",b'carbon365malawi',"['carbon', 'carbonretail', 'automotive', 'poweryourdrive']",36
2022-06-14 05:04:21+00:00,"b'At Carbon, we pride ourselves on exceptional service and expertise. Book a fitment and other services today! Visit our website https://t.co/L4bzzJaS8y #carbon #carbonretail #automotive #poweryourdrive https://t.co/xbPjcVfc0H'",b'Carbon365nigeri',"['carbon', 'carbonretail', 'automotive', 'poweryourdrive']",112
2022-06-14 04:37:28+00:00,"b'Most of the World Breathes Unsafe Air, Taking More Than 2 Years Off Global Life Expectancy: growing evidence shows #airpollution\xe2\x80\x94even at very low levels\xe2\x80\x94hurts human #health, via @UChiAir at @UChicago #news https://t.co/xxXPgNIGsQ #carbon #C02  #ClimateCrisis #ClimateChange'",b'EnviroEdgeNews',"['airpollution', 'health', 'news', 'carbon', 'C02', 'ClimateCrisis', 'ClimateChange']",5126
2022-06-14 04:30:00+00:00,b'LanzaTech says it has found a way to produce a key ingredient of plastic (MEG) from carbon emissions captured at steel mills or gasified waste biomass plants using specially-engineered carbon-eating bacterium #science #research #carbon https://t.co/1DdlQYB09b',b'tcemagazine',"['science', 'research', 'carbon']",12363
2022-06-14 04:23:35+00:00,b'#Healthtech #Unicorn #Carbon #Health Lays Off 250 #Employees #forbes https://t.co/W8AENYkLUN #bayarea #tech #us #blackstone #blackrock #mkt',b'BoilerRoomTweet',"['Healthtech', 'Unicorn', 'Carbon', 'Health', 'Employees', 'forbes', 'bayarea', 'tech', 'us', 'blackstone', 'blackrock', 'mkt']",1510
2022-06-14 04:07:11+00:00,b'A quick look \xf0\x9f\x91\x80 at #Carbon\xe2\x80\x99s Permissionless Listing   \xf0\x9f\x94\xb9 Unrestricted access \xe2\x80\x94 You have FULL control over what token\xe2\x80\x99s listed \xf0\x9f\x94\xb9 Greater access to cross-chain markets \xe2\x80\x94 Power is YOURS to determine which markets are added \xf0\x9f\x99\x8c\xf0\x9f\x8f\xbb https://t.co/VT17goOibi',b'0xcarbon',['Carbon'],4504
2022-06-14 03:38:14+00:00,"b'Shifting away from ESG ratings could boost the adoption of weighted average #carbon intensity metric among asset managers. Fundamentally, they must use high-quality data and transparent methodologies to defend investment decisions. The proposals are open for comment until 17/6.'",b'ACXCHG',['carbon'],845
2022-06-14 03:30:21+00:00,"b""So good I had to share! Check out all the items I'm loving on @Poshmarkapp from @NatashaSpears16 #poshmark #fashion #style #shopmycloset #jayfranco #carbon #karlibuxton: https://t.co/45UIwJ9H10 https://t.co/9OcmlClywY""",b'mapa453',"['poshmark', 'fashion', 'style', 'shopmycloset', 'jayfranco', 'carbon', 'karlibuxton']",3
2022-06-14 03:27:47+00:00,"b'The highly recommended Carbon Capture, Utilisation and Storage (CCUS) online masterclass will be commencing live on 5 July. Find out how, where &amp;  why CCUS is happening now &amp; how it could grow in future.    https://t.co/di4Xe3s612  @infocusint #carbon #EnergyStorage #oil #gas https://t.co/QgQR6NvhIx'",b'industryevents',"['carbon', 'EnergyStorage', 'oil', 'gas']",106
2022-06-14 03:15:19+00:00,b'Trade Tracks Pakistan buyers of chemicals  we are looking for suppliers of #chemicals   #zinc chloride  #zinc #oxide #ACRYLAMIDE 98% #AMMONIUM #BICARBONATE #CARBON #BLACK #CAUSTIC SODA FLAKES #CHROMIC #ACID  #DICYANDIAMIDE  #Ethylene #glycol  #DIPENTENE #Melamine  #indigo',b'TradeTracksPak',"['chemicals', 'zinc', 'zinc', 'oxide', 'ACRYLAMIDE', 'AMMONIUM', 'BICARBONATE', 'CARBON', 'BLACK', 'CAUSTIC', 'CHROMIC', 'ACID', 'DICYANDIAMIDE', 'Ethylene', 'glycol', 'DIPENTENE', 'Melamine', 'indigo']",38
2022-06-14 03:15:05+00:00,b'Trade Tracks is buyer of CHEMICAL  we are looking for suppliers of #chemicals   #zinc chloride  #zinc #oxide #ACRYLAMIDE 98% #AMMONIUM #BICARBONATE #CARBON #BLACK #CAUSTIC SODA FLAKES #CHROMIC #ACID  #DICYANDIAMIDE  #Ethylene #glycol  #DIPENTENE #Melamine  #coal #urea  #indigo',b'TradeTracksPak',"['chemicals', 'zinc', 'zinc', 'oxide', 'ACRYLAMIDE', 'AMMONIUM', 'BICARBONATE', 'CARBON', 'BLACK', 'CAUSTIC', 'CHROMIC', 'ACID', 'DICYANDIAMIDE', 'Ethylene', 'glycol', 'DIPENTENE', 'Melamine', 'coal', 'urea', 'indigo']",38
2022-06-14 02:56:07+00:00,b'#carbonbrush #industrialcarbonbrush #carbon #dcmotorcarbonbrush #handtoolcarbonbrush #alternatorcarbonbrush #commutatorcarbonbrush #powertoolcarbonbrush #bea #beaelectronics Article Name- FE504003-105G028S Application- Alternator Material - Copper Graphite https://t.co/qmsbgbAFMf',b'bea_electronics',"['carbonbrush', 'industrialcarbonbrush', 'carbon', 'dcmotorcarbonbrush', 'handtoolcarbonbrush', 'alternatorcarbonbrush', 'commutatorcarbonbrush', 'powertoolcarbonbrush', 'bea', 'beaelectronics']",1
2022-06-14 02:55:32+00:00,b'#carbonbrush #industrialcarbonbrush #carbon #dcmotorcarbonbrush #handtoolcarbonbrush #alternatorcarbonbrush #commutatorcarbonbrush #powertoolcarbonbrush #bea #beaelectronics Article Name- FE504002-120G003S Application- DC Motor Material - Copper Graphite https://t.co/kXLmIRKQUe',b'bea_electronics',"['carbonbrush', 'industrialcarbonbrush', 'carbon', 'dcmotorcarbonbrush', 'handtoolcarbonbrush', 'alternatorcarbonbrush', 'commutatorcarbonbrush', 'powertoolcarbonbrush', 'bea', 'beaelectronics']",1
2022-06-14 02:45:01+00:00,b'Day 13 of 30 - Carbon Offset in the Metaverse #30DaysOfMetaverse #challenge   What will offset the offset? Do footprints in the mud last or do we only walk on sandy beaches? #Metaverse #NFT #NFTshill #Carbon #NFTs #Footprints  https://t.co/8QO1jKtJo5',b'iamtechnikole',"['30DaysOfMetaverse', 'challenge', 'Metaverse', 'NFT', 'NFTshill', 'Carbon', 'NFTs', 'Footprints']",1073
2022-06-14 02:38:16+00:00,"b'Enjoyed the impressive and professional presentation of Sri Mulyani Indrawati , Minister of Finance of the Republic of #indonesia: #carbon #taxing and creating a market for #trading, boosting #investments in #renewables through significant engagement with foreign investors. https://t.co/1QAMhxC4nN'",b'ARamsundersingh',"['indonesia', 'carbon', 'taxing', 'trading', 'investments', 'renewables']",508
2022-06-14 02:34:00+00:00,"b""\xe2\x80\x98Sacred forests\xe2\x80\x99 in West Africa capture carbon and keep soil healthy https://t.co/i6UG9LzZHV It's important that land users, whether in the agricultural and forestry sector or urban gardeners, know of the benefits of conserving organic carbon. #carbon #cliamtecrisis""",b'GreenEdToday',"['carbon', 'cliamtecrisis']",2366
2022-06-14 02:28:49+00:00,"b""So good I had to share! Check out all the items I'm loving on @Poshmarkapp #poshmark #fashion #style #shopmycloset #carbon #adidas: https://t.co/soFYZYMHlm https://t.co/USPfwoCC2I""",b'kandielove_',"['poshmark', 'fashion', 'style', 'shopmycloset', 'carbon', 'adidas']",2
2022-06-14 01:28:04+00:00,"b""So good I had to share! Check out all the items I'm loving on @Poshmarkapp #poshmark #fashion #style #shopmycloset #carbon: https://t.co/NC50FS5hqJ https://t.co/zpj69l2DLm""",b'MidoriCollect',"['poshmark', 'fashion', 'style', 'shopmycloset', 'carbon']",98
2022-06-14 00:44:09+00:00,"b'\xf0\x9f\x8c\xb3\xf0\x9f\x8d\x82 When it comes to strategies to curb #climatechange, people often look to #trees as a very effective way to do so. Currently, #forests can absorb large amounts of the planet-warming #carbon dioxide that people send into the #atmosphere by burning #fossilfuels. https://t.co/zmIxgyZUh0'",b'GreenTradeCO2',"['climatechange', 'trees', 'forests', 'carbon', 'atmosphere', 'fossilfuels']",187
2022-06-13 23:57:36+00:00,"b'With so much attention focused on #carbon markets, figuring out how to get involved can be intimidating. https://t.co/Ur9jiwaSBy https://t.co/pqtkwQI7jg'",b'SuccessfulFarm',['carbon'],67048
2022-06-13 23:47:18+00:00,"b'#Biden is killing the #American economy so that #China can emit even more #carbon into the atmosphere. How \xe2\x80\x9cgreen\xe2\x80\x9d will the world be when the #CCP, with the planet\xe2\x80\x99s only viable economy, rules us all? https://t.co/r3ouYBw8Tx'",b'GordonGChang',"['Biden', 'American', 'China', 'carbon', 'CCP']",179350
2022-06-13 23:46:34+00:00,"b'3/3 #Carbon County #MT   Bridger High School, 429 W. Park Ave https://t.co/IYeldEmU9P'",b'CEDRdigital',"['Carbon', 'MT']",8911
2022-06-13 23:46:34+00:00,"b'2/3 #Carbon County #MT   Gruell Building Carbon County Fairgrounds, 96 Rodeo Drive Red Lodge  https://t.co/cFlBZRrRJR'",b'CEDRdigital',"['Carbon', 'MT']",8911
2022-06-13 23:10:53+00:00,b'Ian Miller research associate MIT Energy Initiative USA stated it takes 70 pounds of coal to produce the energy required to charge a 66 kWh electric car battery &amp; 8 gallons of Oil  hmm so are green because of reduced emissions - still using fossil fuels. @nyunggai #auspol #carbon',b'leighsmusic',"['auspol', 'carbon']",2915
2022-06-13 23:04:09+00:00,"b'""... #carbon intensity of #corn #ethanol produced under the #RFS is no less than #gasoline and likely at least 24% higher."" ( https://t.co/wwZXKQV81e ; https://t.co/D1EoyHUne7 ; https://t.co/ymL1pzAqsO ) [ #energy #oil #gas #economy #prices #inflation ] #RenewableFuelStandard https://t.co/ikqnmKBAfn https://t.co/tcQEq3cbwG'",b'_Prometeusz_',"['carbon', 'corn', 'ethanol', 'RFS', 'gasoline', 'energy', 'oil', 'gas', 'economy', 'prices', 'inflation', 'RenewableFuelStandard']",23
2022-06-13 22:45:00+00:00,b'A #Purines is a 6-membered ring of #carbon &amp; #nitrogen atoms.  A #Purine is a 6-membered ring fused to a 5-membered ring.  #Biology #Science #Learning https://t.co/n4V5hYW4N5',b'AspiringSciMom',"['Purines', 'carbon', 'nitrogen', 'Purine', 'Biology', 'Science', 'Learning']",74
2022-06-13 22:35:13+00:00,b'On days like this the best thing to do is invest in projects that you know will survive these market conditions such as #AWRT or #Carbon\xe2\x80\xa6 projects with real utility!! \xf0\x9f\x8c\x8e\xf0\x9f\x94\xa5 #AWC',b'Don__Crypto__',"['AWRT', 'Carbon', 'AWC']",5004
2022-06-13 22:22:34+00:00,"b'Thanks, @AndreasenJack!  For those in DC, planning a DAC bike party for June 20th (this Monday), starting in Capitol Hill and ending with drinks! Come see @AndreasenJack, @p_freudenstein, and @rorypjacobson live, in person! #carbon #DirectAirCapture #DAC DM me for more info! https://t.co/z1x04I5Zmd'",b'DannyBroberg',"['carbon', 'DirectAirCapture', 'DAC']",355
2022-06-13 22:00:33+00:00,"b'Yet, fast fashion has a significant #environmental impact. According to the #UN Environment Programme, the industry is the second-biggest consumer of #water and is responsible for 8-10% of global #carbon #emissions.  https://t.co/T04racz27e  #fastfashion'",b'EarthOrg',"['environmental', 'UN', 'water', 'carbon', 'emissions', 'fastfashion']",2768
2022-06-13 21:47:15+00:00,"b'Why It\xe2\x80\x99s So Hard To Talk About Decarbonizing Food, And Especially Meat #AnimalRights #AnimalAgriculture #meat #carbon #GoVegan https://t.co/Eyk7NSazpP'",b'Dragofix',"['AnimalRights', 'AnimalAgriculture', 'meat', 'carbon', 'GoVegan']",4982
2022-06-13 21:34:13+00:00,b'They all know #BorisJohnsonOut #SueGrayReport #Science #help #carbon',b'Sp72298066',"['BorisJohnsonOut', 'SueGrayReport', 'Science', 'help', 'carbon']",11
2022-06-13 21:28:40+00:00,"b""So good I had to share! Check out all the items I'm loving on @Poshmarkapp #poshmark #fashion #style #shopmycloset #pinkvictoriassecret #carbon #lululemonathletica: https://t.co/ZrGwYfkK0O https://t.co/4vdpdB8caE""",b'Shirley11992683',"['poshmark', 'fashion', 'style', 'shopmycloset', 'pinkvictoriassecret', 'carbon', 'lululemonathletica']",46
2022-06-13 21:14:58+00:00,"b""Don't let anyone steal your shine! It's not your fault you shine brighter than others.  #shine #brighter #diamond #carbon https://t.co/0JN06D2Mw7""",b'sandiwebster',"['shine', 'brighter', 'diamond', 'carbon']",507
2022-06-13 21:05:02+00:00,"b'Large #corporations and governments are pumping billions into the #technology decades away from maturity.   How money should be split between #emissions reductions today &amp; #carbon removal down the road is a fine balancing act, experts say: https://t.co/oVnmvMI107  #climatecrisis'",b'PreferbyNature',"['corporations', 'technology', 'emissions', 'carbon', 'climatecrisis']",2243
2022-06-13 20:00:29+00:00,"b'For both your carbon and stainless steel pipe requirements, we offer precision saw cutting services. Send us your single or multi-cut job requirements to get started! https://t.co/TeHp9yXZVq  #sawcutting #machiningmonday #metalmachining #steel #carbon https://t.co/l0J6ucosLa'",b'ProcessSupplyUS',"['sawcutting', 'machiningmonday', 'metalmachining', 'steel', 'carbon']",39
2022-06-13 19:56:22+00:00,"b'Going Green - We switched to fully #solar energy at Azura this past year, with the first #Tesla powered solar facility in Mozambique. All part of our commitment to reducing our #carbon footprint. We also introduced a carbon offset program for our guests for their travel to Azura. https://t.co/HKuB9d4R0u'",b'Azuraretreats',"['solar', 'Tesla', 'carbon']",1136
2022-06-13 19:48:06+00:00,b'C$58.73 - #FreeShipping | Here&amp;#39;s a deal that&amp;#39;s going to make your summer fun!  Promithi High Carbon Steel Forging Handmade #Promithi       \xf0\x9f\x91\x89 https://t.co/JXoewJc7f9       #sharious  #canadianbestseller  #canada #usa #product #Butcher  #Carbon  #Chef . https://t.co/X4cWTXV39U',b'kanadianbest',"['FreeShipping', 'Promithi', 'sharious', 'canadianbestseller', 'canada', 'usa', 'product', 'Butcher', 'Carbon', 'Chef']",676
2022-06-13 19:44:23+00:00,"b'So psyched ""The 2030 Forecast"" made it into  @ftmoralmoney today!  You know you\'ve done something right if @gilliantett writes it up!  @doconomy @Kayrros #emissions #carbon #COP27 #climateliteracy #empowerment #carbonbudget #KayrrosCarbonWatch  https://t.co/fMO6FhWzLd'",b'antoine_halff',"['emissions', 'carbon', 'COP27', 'climateliteracy', 'empowerment', 'carbonbudget', 'KayrrosCarbonWatch']",2621
2022-06-13 19:26:56+00:00,b'want to buy   Carbon Black  N 330 N 550  #dry and #wet types  #cfr #karachi #pakistan   #carbonblack #carbon #black #n330 #n550 #pigments #pigments #tyres #tires #gumrosin #rosin #tradetracks #venus #fahim #adhesive #rosinester #maleic #glycerin #pentane #heptane #hexan #polol',b'TradeTracksPak',"['dry', 'wet', 'cfr', 'karachi', 'pakistan', 'carbonblack', 'carbon', 'black', 'n330', 'n550', 'pigments', 'pigments', 'tyres', 'tires', 'gumrosin', 'rosin', 'tradetracks', 'venus', 'fahim', 'adhesive', 'rosinester', 'maleic', 'glycerin', 'pentane', 'heptane', 'hexan', 'polol']",38
2022-06-13 19:23:03+00:00,"b""@PierrePoilievre They don't. Your personal #carbon RATION is next. https://t.co/th4FneWpZw #ClimateChange #CarbonTax #ClimateTyranny https://t.co/NJXuchXIy6""",b'FriendsOScience',"['carbon', 'ClimateChange', 'CarbonTax', 'ClimateTyranny']",41451
2022-06-13 19:21:54+00:00,b'humans are #nonrenewable resources   measured by #time  limited by capacity  capable of more together than alone  much like #carbon atoms',b'thelenayouknow',"['nonrenewable', 'time', 'carbon']",61
2022-06-13 19:08:39+00:00,"b""Where is @UKLabour on builders-from-hell NatHighways' rural AT routes/heritage bridge vandalism?  \xe2\x9b\x94\xef\xb8\x8f Defund\xf0\x9f\x91\x8d  \xe2\x9b\x94\xef\xb8\x8f Maintenance-only retention\xf0\x9f\x91\x8d  \xe2\x9b\x94\xef\xb8\x8f Fund AT/PT network\xf0\x9f\x91\x8d  @TransportActio2 @jonburkeUK @CBTransport  @GeorgeMonbiot @LouHaigh @ChrisGPackham  #Cement #carbon #crisis\xf0\x9f\x94\xa5 https://t.co/sle1WUcjMK""",b'XRCamden',"['Cement', 'carbon', 'crisis']",2614
2022-06-13 19:00:16+00:00,"b""Watch our GreenBiz Studio interview to hear from @Novelis's Pierre Labat on reducing #carbon through #aluminum #recycling https://t.co/YZt0Z1Ob45 #sponsored https://t.co/IGhVdfaWkI""",b'GreenBiz',"['carbon', 'aluminum', 'recycling', 'sponsored']",108811
2022-06-13 18:50:56+00:00,b'#fordvsferrari #ford #fordgt #ferrari #ferrarrif50 #f50 #carbon #clearbra #xpel #ppf #paintprotectionfilm #ceramicpro #ceramiccoating #scottsdale #scottsdaledetailing #elite #arizona #trustworthy #trusted @ Detail BOSS https://t.co/8IsYRtso2V',b'TheDetailBoss',"['fordvsferrari', 'ford', 'fordgt', 'ferrari', 'ferrarrif50', 'f50', 'carbon', 'clearbra', 'xpel', 'ppf', 'paintprotectionfilm', 'ceramicpro', 'ceramiccoating', 'scottsdale', 'scottsdaledetailing', 'elite', 'arizona', 'trustworthy', 'trusted']",88
2022-06-13 18:33:01+00:00,b'Now up on the new #CarbonSensePodcast: Sarah Sellars from talks about crucial #carbon market questions for Illinois farmers to consider. Listen here or wherever you stream podcasts: https://t.co/jUukv7e3uH https://t.co/P6irvQDHSF',b'ILSoyAdvisor',"['CarbonSensePodcast', 'carbon']",2244
2022-06-13 18:26:11+00:00,"b""Tracking carbon footprints and doing more with less. We're all about technology that empowers growers. Way to be a leader @eppersonfarms! @Missouri Farmers Care https://t.co/Ay5ysOQayz #Conservis #carbon #sustainability #farmmanagement https://t.co/VXg1oDJFnj""",b'Conservis',"['Conservis', 'carbon', 'sustainability', 'farmmanagement']",1307
2022-06-13 18:00:29+00:00,b'Why CFOs Are Terrified of Carbon: https://t.co/Ar6jLzha4T  #Carbon #EnergyIndustry #DigitalEnergy https://t.co/drNPIZq4JR',b'geoffreycann',"['Carbon', 'EnergyIndustry', 'DigitalEnergy']",2507
2022-06-13 17:47:45+00:00,b'How to turn your garden into a carbon sink https://t.co/mT54LKCZZs  #Garden #Carbon #Plants #Health #Green #Gardening #Planting',b'FarmingSelfie',"['Garden', 'Carbon', 'Plants', 'Health', 'Green', 'Gardening', 'Planting']",106
2022-06-13 17:47:39+00:00,b'Hello city hopping!  Actually one of my most comfortable and relaxed travel journeys today\xe2\x80\xa6  STR - PARIS - LONDON with 315 km/h high speed trains\xe2\x80\xa6 #carbon zero \xf0\x9f\x9a\x86  We need to rethink #Mobility if we take #Sustainability seriously I am just saying\xe2\x80\xa6 https://t.co/ExftScatzo',b'SophiaRoediger',"['carbon', 'Mobility', 'Sustainability']",2463
2022-06-13 17:39:52+00:00,b'ZENIQ is proud to have strong partners like Tupan to build real-world use cases on their ZENIQ Smart Chain   https://t.co/oAku3JzRLx  #zeniq #tupan #token #co2 #blockchain #minting #web3  #invest #investing #exchange #certificates #co2certficiates #carbon #carbonmarket',b'sierackimilosz',"['zeniq', 'tupan', 'token', 'co2', 'blockchain', 'minting', 'web3', 'invest', 'investing', 'exchange', 'certificates', 'co2certficiates', 'carbon', 'carbonmarket']",97
2022-06-13 17:30:39+00:00,"b""AIA Conference on #Architecture, June 22-25, #Chicago #Illinois: https://t.co/53XYP3P8wo Check out the show's #greenbuilding content! @AIANational #architecture #building #construction #carbon #decarbonization #energyefficiency #zerowaste #resilience @AIAChicago @BarackObama https://t.co/QvQnVvzXQu""",b'NJgreenbuilding',"['Architecture', 'Chicago', 'Illinois', 'greenbuilding', 'architecture', 'building', 'construction', 'carbon', 'decarbonization', 'energyefficiency', 'zerowaste', 'resilience']",354
2022-06-13 17:18:37+00:00,"b'@AndrewRTDavies @PrifWeinidog Agriculture is not the only food grower here in Wales, Mussel farming has historically produced at times up to 9000t of sustainable shellfish a season. We seed, we plant per hectare, we have a tractor (albeit no wheels). No pesticides, where\xe2\x80\x99s our support? #Sustainable #Carbon'",b'Wjj66W',"['Sustainable', 'Carbon']",1724
2022-06-13 17:15:05+00:00,"b'Western Resilience Series, @USGBCMountain Region: #ExtremeHeat, Online, June 22, 12 pm: https://t.co/sEb2GmW2TT @USGBC @BluePlanetSyst1 #resilience #heat #heatwaves #agriculture #cities #carbon #GHGs #SDGs #globalwarming #climatechange #climatecrisis #environment #WesternUS https://t.co/JMGj3OG1YR'",b'CAGreenbuilding',"['ExtremeHeat', 'resilience', 'heat', 'heatwaves', 'agriculture', 'cities', 'carbon', 'GHGs', 'SDGs', 'globalwarming', 'climatechange', 'climatecrisis', 'environment', 'WesternUS']",322
2022-06-13 17:09:34+00:00,b'#10km3x2 student forever youth queries what does #NIH say ? path of true learning is filled with #rocks not #roses #K12 #STEM didn\xe2\x80\x99t you love | the value of forgotten #ideas https://t.co/ODJwml3s0u yet argue #biodiverdity verify #carbon #Stockholm50 #COP27 @WhartonRiskCtr #YOUTH https://t.co/aqNtgQynZ8 https://t.co/C0LffJ65uq',b'tamraraven',"['10km3x2', 'NIH', 'rocks', 'roses', 'K12', 'STEM', 'ideas', 'biodiverdity', 'carbon', 'Stockholm50', 'COP27', 'YOUTH']",2887
2022-06-13 16:46:52+00:00,"b""Kew Insurance's team is #passionate to do all we can to #reduce our #carbon #footprint. We have a leaflet full of great ways to keep your #home #environmentally friendly. If you have a quote from Simply Secure ask for our leaflet. You'd be surprised how simple measures can help.""",b'SimplySecure1',"['passionate', 'reduce', 'carbon', 'footprint', 'home', 'environmentally']",610
2022-06-13 16:43:21+00:00,"b'https://t.co/iXxmTs4SMq Report: cutting #carbon emissions from planes is going to be difficult\xe2\x80\x94but not impossible. With enough funding, policy support, and alternative fuel, #aviation can make enough progress to help the world reach global climate targets by 2050.'",b'ADITAeroDef',"['carbon', 'aviation']",286
2022-06-13 16:31:28+00:00,"b'OPINION: The government still has a lot of work to do to find the right balance: an offset system sufficiently inviting to entice investment in #emissions-reducing activity, but not so loose as to undermine the integrity of the entire #carbon-pricing system.'",b'BizSustainably',"['emissions', 'carbon']",553
2022-06-13 16:30:10+00:00,"b'.@SinopecNews has completed the construction of China\xe2\x80\x99s first megaton #CCUS project, the Qilu-Shengli Oilfield CCUS. The plant will reduce carbon emissions by 1 million tons per year. Read more here: https://t.co/numVVj9i9h  #esgreview #esgreporting #energynews #esg #carbon https://t.co/cJqME0OM8J'",b'ESG_Review_',"['CCUS', 'esgreview', 'esgreporting', 'energynews', 'esg', 'carbon']",37
2022-06-13 16:24:36+00:00,b'UK close to deal with EDF to keep coal-fired power station open https://t.co/FCs9wYKOHJ #carbon-based #feedly',b'britho',"['carbon', 'feedly']",759
2022-06-13 16:19:45+00:00,b'REC Silicon and Ferroglobe announce MOU for raw material supplies to reduce carbon in US solar supply chain -  https://t.co/yem5dGuUz0 - #energy #solar #carbon',b'SmCapStrategist',"['energy', 'solar', 'carbon']",3666
2022-06-13 16:16:49+00:00,b'Find out which countries have joined the push for zero carbon emissions in shipping by 2050.  International Maritime Organization #carbon #shipping  https://t.co/sOrFsZbCMQ',b'EricMartinTW',"['carbon', 'shipping']",1622
2022-06-13 16:16:14+00:00,"b'Wow, your #carbon footprint may be actually killing people now, #SADS ! https://t.co/ejyqRkqo6x'",b'Fredgoodbar',"['carbon', 'SADS']",7
2022-06-13 16:09:59+00:00,"b'The potential for #carbon markets and #pricing to reshape #global #shipping, as well as the impact of the emerging #hydrogen and #carbon #valuechains, are explored in-depth in the latest support for the industry\xe2\x80\x99s #decarbonization ambitions from @ABSeagle: https://t.co/HXFqbsEvzM https://t.co/eVNAZ5Rrt6'",b'saferenergy',"['carbon', 'pricing', 'global', 'shipping', 'hydrogen', 'carbon', 'valuechains', 'decarbonization']",854
2022-06-13 16:05:16+00:00,"b'The potential for #carbon markets + #pricing to reshape global #shipping, as well as the impact of the emerging #hydrogen + #carbon value chains, are explored in-depth in the latest support for the industry\xe2\x80\x99s #decarbonization ambitions from @ABSeagle: https://t.co/92GBHheUUB https://t.co/ZhGUc8PDVc'",b'knights_mpr',"['carbon', 'pricing', 'shipping', 'hydrogen', 'carbon', 'decarbonization']",106
2022-06-13 16:00:19+00:00,"b'More than a third of the world\xe2\x80\x99s largest public companies, along with countries representing most of the world\xe2\x80\x99s economy, now have targets to reduce their net #greenhousegas #emissions to zero.  #carbon #fossilfuels #climatechange #carbonneutrality https://t.co/ozJqAycEwd'",b'SfLtd',"['greenhousegas', 'emissions', 'carbon', 'fossilfuels', 'climatechange', 'carbonneutrality']",364
2022-06-13 16:00:07+00:00,b'City of #London sets out new #planning guidance to tackle embodied #carbon https://t.co/udJaiQmitr',b'aardvarknsefce',"['London', 'planning', 'carbon']",3665
2022-06-13 16:00:06+00:00,"b'China\xe2\x80\x99s Geortek has applied high-strength carbon fiber to the temples of AR glasses  Goertek, collaborated with @QCOMResearch to unveil the new wireless AR  smart viewer reference design  &gt;&gt; https://t.co/YWUbf8KVzA  #jecgroup #composites #innovation #glasses #carbon'",b'JECComposites',"['jecgroup', 'composites', 'innovation', 'glasses', 'carbon']",7439
2022-06-13 15:53:16+00:00,"b'LanzaTech says it has found a way to produce a key ingredient of plastic (MEG) from carbon emissions captured at steel mills or gasified waste biomass plants, using specially-engineered carbon-eating bacterium #science #research #carbon https://t.co/1DdlQYSBxL'",b'tcemagazine',"['science', 'research', 'carbon']",12363
2022-06-13 15:52:57+00:00,"b'Want to know more about wildfires and work done to keep communities safe? Follow our new series, starting with #CommunityResilience in the face of #Wildfires through various fuel and forest management techniques https://t.co/0RJ96cKTTr   #climatechange #carbon  #inthespotlight https://t.co/mNVrSOi5Vc'",b'FPInnovations',"['CommunityResilience', 'Wildfires', 'climatechange', 'carbon', 'inthespotlight']",4709
2022-06-13 15:49:05+00:00,"b'The 2022 GreenBiz Group 30 Under 30 2022 - making a #sustainable impact on fields as diverse as banking, #fashion, #food, transportation, #venturecapital and waste management.  https://t.co/5PLwV1GulB  #carbon #water #waterscarcity #carbon #carbonemissions #carbonneutral https://t.co/s4OtO6vHgv'",b'bluerloop',"['sustainable', 'fashion', 'food', 'venturecapital', 'carbon', 'water', 'waterscarcity', 'carbon', 'carbonemissions', 'carbonneutral']",0
2022-06-13 15:44:02+00:00,"b""#Carbon sinks like ocean, forests, &amp; soil play a key role in storing carbon &amp; keeping the Earth's #climate stable. But due to human-based activities, these natural carbon sinks are now under threat.   Read more: @ClientEarth https://t.co/KgztCCcrRm   #CO2 #ClimateActionNow https://t.co/UsYUugM7nI""",b'ClimateArea',"['Carbon', 'climate', 'CO2', 'ClimateActionNow']",145
2022-06-13 15:42:02+00:00,"b'#UKA DEC-22 settled today at 81,20 \xc2\xa3/tonne with a daily trading range of 80,55-81,50 \xc2\xa3/tonne.  #aithergroup #uk #carbon #eu #euets #aviation #carbonmarkets'",b'AitherGroup',"['UKA', 'aithergroup', 'uk', 'carbon', 'eu', 'euets', 'aviation', 'carbonmarkets']",266
2022-06-13 15:36:17+00:00,"b'Today, the world\xe2\x80\x99s major environmental concern is the uncontrolled emission of #carbon. Governments across the globe have established carbon markets, where emissions (or emissions reductions) can be exchanged from one entity to another: https://t.co/kDZYX0DnzF https://t.co/jydAJjeuxV'",b'Market_Reports',['carbon'],741
2022-06-13 15:35:20+00:00,b'Opening up #Markets.  Small steps lead to Big Leaps! West #Kelowna Lumber Mill adding 24 acres of #Vineyards and will be using $VERT St-Onge #Wollastonite for #Fertilizer and #Carbon #Sequestration Read Here: https://t.co/2uA5wqe3e0',b'Vertxinc',"['Markets', 'Kelowna', 'Vineyards', 'Wollastonite', 'Fertilizer', 'Carbon', 'Sequestration']",195
2022-06-13 15:29:09+00:00,"b""@TrackEVs @fairchargeuk The current UK's #electricity generation mix from region to region can be found on https://t.co/tz3xSQXhH9  Here's the region's with the lowest and highest #carbon intensity mix right now... https://t.co/xpsYfZjtGo""",b'puddletash',"['electricity', 'carbon']",147
2022-06-13 15:16:34+00:00,"b'\xf0\x9f\x87\xba\xf0\x9f\x87\xb8#LNG exports reach record levels \xf0\x9f\x98\xa1!   Due to #carbon-lock-ins, this mass of new projects will have devastating long-term impacts on #climate &amp; human health.  As our study shows, #LNG even has a 30% higher #carbon \xf0\x9f\x91\xa3 than #coal \xf0\x9f\x91\x89https://t.co/ou1PE25CZN  https://t.co/RJpZZgeVBz'",b'EWGnetwork',"['LNG', 'carbon', 'climate', 'LNG', 'carbon', 'coal']",3495
2022-06-13 15:12:06+00:00,"b'C$23.74 - #FreeShipping | Here&amp;#39;s a deal that&amp;#39;s going to make your summer fun!  10 Pack Smoke Fume Absorber Filter, Activated #Kulannder       \xf0\x9f\x91\x89 https://t.co/1oSISYmzre       #sharious  #canadianbestseller  #canada #usa #product #Absorber  #Carbon . https://t.co/8t6zlNuQNR'",b'kanadianbest',"['FreeShipping', 'Kulannder', 'sharious', 'canadianbestseller', 'canada', 'usa', 'product', 'Absorber', 'Carbon']",676
2022-06-13 15:07:46+00:00,b'#Carbon-dioxide levels in the atmosphere hit another new record \xf0\x9f\x93\x8a #DataScience \xf0\x9f\xa7\xae #DataVisualization #DataAnalytics #DataFam https://t.co/ezr3w6EhC0',b'Rahul_B',"['Carbon', 'DataScience', 'DataVisualization', 'DataAnalytics', 'DataFam']",273
2022-06-13 15:00:25+00:00,b'2020 Greenhouse Gas #Emissions Target overshot by the European Union   - #ClimateChange - #carbon - #EmissionReductions - Via @WonderfulEngr   https://t.co/Mq49nV7Yon',b'climatePDForum',"['Emissions', 'ClimateChange', 'carbon', 'EmissionReductions']",435
2022-06-13 14:56:27+00:00,"b'@NancySinatra @Allbirds Much #sustainability focus on contributors like utilities \xf0\x9f\x94\x8ctransportation \xf0\x9f\x9a\x97 &amp; built environment \xf0\x9f\x8f\xa6, but my small &amp; personal choices have an impact every day\xe2\x80\xa6   A #shoe \xf0\x9f\x91\x9e I wear impacts both my walking &amp; #carbon footprint\xe2\x80\xa6  7/8'",b'edwardwagoner',"['sustainability', 'shoe', 'carbon']",176
2022-06-13 14:53:45+00:00,b'\xe2\x80\x9cThe EU agreed to sell \xe2\x82\xac20B of #carbon #emissions\xe2\x80\xa6 to help countries adjust to non-#Russian #oil\xe2\x80\xa6 allocated through the Recovery and Resilience Facility\xe2\x80\xa6 set up in response to #COVID19 [which] disproportionately favours southern member states rather than the eastern ones\xe2\x80\xa6\xe2\x80\x9d\xf0\x9f\xa4\x94',b'MAAWLAW',"['carbon', 'emissions', 'Russian', 'oil', 'COVID19']",4871
2022-06-13 14:50:26+00:00,b'@blockchainchick #Common #sense tells me regulation #carbon #crypto will soon become #regulated it will be the #low #power #consumption #coin that will #explode \xf0\x9f\xa4\xaf #invest #accordingly . #Litecoin #dogecoin #Ethereum #proofofstake',b'LeBronDaniel9',"['Common', 'sense', 'carbon', 'crypto', 'regulated', 'low', 'power', 'consumption', 'coin', 'explode', 'invest', 'accordingly', 'Litecoin', 'dogecoin', 'Ethereum', 'proofofstake']",16
2022-06-13 14:41:23+00:00,b'A new partnership between @EconicTech and chinese polyol and polyurethanes producer #Changhua Chemical Technology Company aims to grow CO2-based #polyurethanes market in China.  #CO2 #carbon #industrynews #plastics #rawmaterials https://t.co/dCJP1q0FyN',b'IndustryEurope',"['Changhua', 'polyurethanes', 'CO2', 'carbon', 'industrynews', 'plastics', 'rawmaterials']",1690
2022-06-13 14:30:04+00:00,b'Are you carbon focused? Farm businesses that chose to \xe2\x80\x98get ahead\xe2\x80\x99 and conduct a farm carbon audit sooner rather than later could benefit when it comes to accessing future farm support schemes.   https://t.co/VlHJnJG8Tr  #Carbon',b'FarmersGuardian',['Carbon'],64602
2022-06-13 14:25:16+00:00,b'Great opportunity to join our project partners in @UL on the @SAOLWood project focused on minimising the #carbon footprint of construction in Ireland through the use of sustainable #timber #Solutions  @Build_in_Wood @woodconnect_ @CostActionHELEN @RyanInstitute @EUgreenresearch https://t.co/POBQbbwcts',b'ConanOCeallaigh',"['carbon', 'timber', 'Solutions']",413
